Suite/Test/Step Name,Browser,Description,Start time,End time,Duration,Status
ABP Regression - 01a,Chrome 71.0.3578.98,R21 - FP-611\nR20 - FP-749\nR20 - FP-794\nR20 - FP-579,2019-01-25 10:20:44,2019-01-25 10:26:50,6m - 5.919s,PASSED
,,,,,,
Test Cases/Generic/Launch Job Manager Control Centre,Chrome 71.0.3578.98,,2019-01-25 10:20:44,2019-01-25 10:20:58,13.448s,PASSED
"openBrowser("""")",Chrome 71.0.3578.98,,2019-01-25 10:20:45,2019-01-25 10:20:49,4.019s,PASSED
navigateToUrl(CCURL),Chrome 71.0.3578.98,,2019-01-25 10:20:49,2019-01-25 10:20:50,0.917s,PASSED
"setText(findTestObject(""FSM1/Control Centre/Page_Job Manager Login/input_gwt-uid-3""), Username)",Chrome 71.0.3578.98,,2019-01-25 10:20:50,2019-01-25 10:20:50,0.428s,PASSED
"setText(findTestObject(""FSM1/Control Centre/Page_Job Manager Login/input_gwt-uid-5""), Password)",Chrome 71.0.3578.98,,2019-01-25 10:20:50,2019-01-25 10:20:50,0.168s,PASSED
delay(2),Chrome 71.0.3578.98,,2019-01-25 10:20:50,2019-01-25 10:20:52,2.022s,PASSED
"click(findTestObject(""FSM1/PreProd/Page_Job Manager Login/div_Login""))",Chrome 71.0.3578.98,,2019-01-25 10:20:52,2019-01-25 10:20:53,0.116s,PASSED
delay(5),Chrome 71.0.3578.98,,2019-01-25 10:20:53,2019-01-25 10:20:58,5.004s,PASSED
,,,,,,
Test Cases/ABP/Generic/Create ABP Inspection,Chrome 71.0.3578.98,,2019-01-25 10:20:58,2019-01-25 10:22:36,1m - 38.709s,PASSED
log = new com.kms.katalon.core.logging.KeywordLogger(),Chrome 71.0.3578.98,,2019-01-25 10:20:58,2019-01-25 10:20:58,0.004s,PASSED
"waitForElementClickable(findTestObject(""Object Repository/FSM1/Create ABP Inspection/Page_JM Control Centre/div_Create""), 60, STOP_ON_FAILURE)",Chrome 71.0.3578.98,,2019-01-25 10:20:58,2019-01-25 10:21:07,8.688s,PASSED
delay(3),Chrome 71.0.3578.98,,2019-01-25 10:21:07,2019-01-25 10:21:10,3.006s,PASSED
"click(findTestObject(""Object Repository/FSM1/Create ABP Inspection/Page_JM Control Centre/div_Create""))",Chrome 71.0.3578.98,,2019-01-25 10:21:10,2019-01-25 10:21:10,0.123s,PASSED
"click(findTestObject(""Object Repository/FSM1/Create ABP Inspection/Page_JM Control Centre/div_v-filterselect-button""))",Chrome 71.0.3578.98,,2019-01-25 10:21:10,2019-01-25 10:21:13,2.615s,PASSED
"setText(findTestObject(""Object Repository/FSM1/Create ABP Inspection/Page_JM Control Centre/input_gwt-uid-8""), findTestData(""Pre Production/ABP/ABP Inspection Data 01a"").getValue(1, 1))",Chrome 71.0.3578.98,,2019-01-25 10:21:13,2019-01-25 10:21:13,0.216s,PASSED
"click(findTestObject(""Object Repository/FSM1/Create ABP Inspection/Page_JM Control Centre/span_ABPR01A - Composting and""))",Chrome 71.0.3578.98,,2019-01-25 10:21:13,2019-01-25 10:21:13,0.180s,PASSED
"click(findTestObject(""FSM1/Control Centre/Create EMI Inspection New/Page_JM Control Centre/div_v-filterselect-button_1""))",Chrome 71.0.3578.98,,2019-01-25 10:21:13,2019-01-25 10:21:16,2.955s,PASSED
"click(findTestObject(""FSM1/Control Centre/Create EMI Inspection New/Page_JM Control Centre/span_24 Hours""))",Chrome 71.0.3578.98,,2019-01-25 10:21:16,2019-01-25 10:21:16,0.178s,PASSED
"click(findTestObject(""Object Repository/FSM1/Create ABP Inspection/Page_JM Control Centre/div_Region_v-filterselect-butt""))",Chrome 71.0.3578.98,,2019-01-25 10:21:16,2019-01-25 10:21:17,0.188s,PASSED
"click(findTestObject(""Object Repository/FSM1/Create ABP Inspection/Page_JM Control Centre/td_West""))",Chrome 71.0.3578.98,,2019-01-25 10:21:17,2019-01-25 10:21:17,0.211s,PASSED
"click(findTestObject(""Object Repository/FSM1/Create ABP Inspection/Page_JM Control Centre/div_Plant Type_v-filterselect-""))",Chrome 71.0.3578.98,,2019-01-25 10:21:17,2019-01-25 10:21:17,0.169s,PASSED
"click(findTestObject(""Object Repository/FSM1/Create ABP Inspection/Page_JM Control Centre/td_SECTION I Intermediate Acti""))",Chrome 71.0.3578.98,,2019-01-25 10:21:17,2019-01-25 10:21:17,0.188s,PASSED
"click(findTestObject(""Object Repository/FSM1/Create ABP Inspection/Page_JM Control Centre/div_Inspection Type_v-filterse""))",Chrome 71.0.3578.98,,2019-01-25 10:21:17,2019-01-25 10:21:17,0.191s,PASSED
"click(findTestObject(""Object Repository/FSM1/Create ABP Inspection/Page_JM Control Centre/td_Routine""))",Chrome 71.0.3578.98,,2019-01-25 10:21:17,2019-01-25 10:21:18,0.293s,PASSED
"click(findTestObject(""Object Repository/JM_8918/New/Page_JClient/Page_JM Control Centre/Page_JM Control Centre/label_1""))",Chrome 71.0.3578.98,,2019-01-25 10:21:18,2019-01-25 10:21:18,0.246s,PASSED
"click(findTestObject(""Object Repository/FSM1/Create ABP Inspection/Page_JM Control Centre/div_Inspector Grade Required_v""))",Chrome 71.0.3578.98,,2019-01-25 10:21:18,2019-01-25 10:21:18,0.222s,PASSED
"click(findTestObject(""Object Repository/FSM1/Create ABP Inspection/Page_JM Control Centre/td_Tech""))",Chrome 71.0.3578.98,,2019-01-25 10:21:18,2019-01-25 10:21:18,0.185s,PASSED
"click(findTestObject(""Object Repository/FSM1/Create ABP Inspection/Page_JM Control Centre/div_Sequence within Inspection""))",Chrome 71.0.3578.98,,2019-01-25 10:21:18,2019-01-25 10:21:19,0.272s,PASSED
"click(findTestObject(""Object Repository/FSM1/Create ABP Inspection/Page_JM Control Centre/td_2 - Tech""))",Chrome 71.0.3578.98,,2019-01-25 10:21:19,2019-01-25 10:21:19,0.207s,PASSED
"setText(findTestObject(""JM_8918/ABP/Page_JM Control Centre/input_Customer ID_gwt-uid-42""), RandomStringUtils.randomNumeric(5))",Chrome 71.0.3578.98,,2019-01-25 10:21:19,2019-01-25 10:21:19,0.275s,PASSED
"setText(findTestObject(""JM_8918/ABP/Page_JM Control Centre/input_Unit ID_gwt-uid-44""), RandomStringUtils.randomNumeric(5))",Chrome 71.0.3578.98,,2019-01-25 10:21:19,2019-01-25 10:21:19,0.289s,PASSED
"setText(findTestObject(""JM_8918/ABP/Page_JM Control Centre/input_Customer Name_gwt-uid-46""), ""Test Automation"")",Chrome 71.0.3578.98,,2019-01-25 10:21:19,2019-01-25 10:21:20,0.334s,PASSED
"click(findTestObject(""FSM1/Control Centre/Create EMI Inspection/Page_JM Control Centre/span_""))",Chrome 71.0.3578.98,,2019-01-25 10:21:20,2019-01-25 10:21:20,0.197s,PASSED
"click(findTestObject(""FSM1/Control Centre/Create EMI Inspection/Address Search/Page_JM Control Centre/Postcode Search""))",Chrome 71.0.3578.98,,2019-01-25 10:21:20,2019-01-25 10:21:20,0.340s,PASSED
"setText(findTestObject(""FSM1/PreProd/Page_JM Control Centre/PostcodeSearch""), findTestData(""Pre Production/ABP/ABP Inspection Data 01a"").getValue(2, 1))",Chrome 71.0.3578.98,,2019-01-25 10:21:20,2019-01-25 10:21:21,0.382s,PASSED
"doubleClick(findTestObject(""JM_8918/New/Page_JM Control Centre/div_Search""))",Chrome 71.0.3578.98,,2019-01-25 10:21:21,2019-01-25 10:21:21,0.003s,NOT_RUN
"doubleClick(findTestObject(""JM_8918/Page_JM Control Centre/div_Search""))",Chrome 71.0.3578.98,,2019-01-25 10:21:21,2019-01-25 10:21:21,0.859s,PASSED
"FullAddress = modifyObjectProperty(findTestObject(""FSM1/Control Centre/Create EMI Inspection/Page_JM Control Centre/Address""), ""text"", ""equals"", findTestData(""Pre Production/ABP/ABP Inspection Data 01a"").getValue(3, 1), true)",Chrome 71.0.3578.98,,2019-01-25 10:21:21,2019-01-25 10:21:21,0.032s,PASSED
"click(FullAddress, STOP_ON_FAILURE)",Chrome 71.0.3578.98,,2019-01-25 10:21:21,2019-01-25 10:21:22,0.743s,PASSED
"click(findTestObject(""FSM1/Control Centre/Create EMI Inspection/Create Address/Page_JM Control Centre (2)/div_Add Selected Item""))",Chrome 71.0.3578.98,,2019-01-25 10:21:22,2019-01-25 10:21:22,0.201s,PASSED
delay(5),Chrome 71.0.3578.98,,2019-01-25 10:21:22,2019-01-25 10:21:27,5.002s,PASSED
"setText(findTestObject(""Object Repository/JM_8918/EMI/Fixed Resource/Page_JM Control Centre/input_Fixed Resource_gwt-uid-1""), ""test"")",Chrome 71.0.3578.98,,2019-01-25 10:21:27,2019-01-25 10:21:28,0.273s,PASSED
"click(findTestObject(""Object Repository/JM_8918/EMI/Fixed Resource/Page_JM Control Centre/span_Test Inspector""))",Chrome 71.0.3578.98,,2019-01-25 10:21:28,2019-01-25 10:21:28,0.196s,PASSED
"click(findTestObject(""JM_8918/New/Page_JClient/Page_JM Control Centre/input_Auto Schedulable_gwt-uid""))",Chrome 71.0.3578.98,,2019-01-25 10:21:28,2019-01-25 10:21:28,0.224s,PASSED
delay(2),Chrome 71.0.3578.98,,2019-01-25 10:21:28,2019-01-25 10:21:30,2.003s,PASSED
"click(findTestObject(""Object Repository/FSM1/Create ABP Inspection/Test/Page_JM Control Centre/Page_JM Control Centre/Page_JM Control Centre/span_Yes""))",Chrome 71.0.3578.98,,2019-01-25 10:21:30,2019-01-25 10:21:30,0.222s,PASSED
delay(2),Chrome 71.0.3578.98,,2019-01-25 10:21:30,2019-01-25 10:21:32,2.004s,PASSED
"click(findTestObject(""FSM1/Control Centre/Create EMI Inspection/Finish/Page_JM Control Centre (3)/div_Create""))",Chrome 71.0.3578.98,,2019-01-25 10:21:32,2019-01-25 10:21:33,0.223s,PASSED
"waitForElementPresent(findTestObject(""FSM1/Control Centre/Status/Page_JM Control Centre/div_PLANNED DYNAMIC""), 120, STOP_ON_FAILURE)",Chrome 71.0.3578.98,,2019-01-25 10:21:33,2019-01-25 10:22:06,33.583s,PASSED
"InspectionID = getText(findTestObject(""FSM1/Control Centre/Create EMI Inspection/InspectionID/Page_JM Control Centre/InspectionID""))",Chrome 71.0.3578.98,,2019-01-25 10:22:06,2019-01-25 10:22:06,0.131s,PASSED
"InspectionID = InspectionID.replaceAll(""Viewing Job "", """")",Chrome 71.0.3578.98,,2019-01-25 10:22:06,2019-01-25 10:22:06,0.005s,PASSED
log.logWarning(InspectionID),Chrome 71.0.3578.98,,2019-01-25 10:22:06,2019-01-25 10:22:06,0.003s,PASSED
temp = InspectionID,Chrome 71.0.3578.98,,2019-01-25 10:22:06,2019-01-25 10:22:06,0.001s,PASSED
delay(30),Chrome 71.0.3578.98,,2019-01-25 10:22:06,2019-01-25 10:22:36,30.002s,PASSED
,,,,,,
Test Cases/Generic/Launch Job Manager,Chrome 71.0.3578.98,,2019-01-25 10:22:36,2019-01-25 10:23:03,26.795s,PASSED
"openBrowser("""")",Chrome 71.0.3578.98,,2019-01-25 10:22:37,2019-01-25 10:22:40,2.876s,PASSED
navigateToUrl(JMURL),Chrome 71.0.3578.98,,2019-01-25 10:22:40,2019-01-25 10:22:41,0.970s,PASSED
delay(3),Chrome 71.0.3578.98,,2019-01-25 10:22:41,2019-01-25 10:22:44,3.001s,PASSED
"setText(findTestObject(""FSM1/Launch Application/Page_JClient/input_gwt-TextBox GKH2EKQBMDB""), ""KIR1"")",Chrome 71.0.3578.98,,2019-01-25 10:22:44,2019-01-25 10:22:44,0.147s,PASSED
"sendKeys(findTestObject(""FSM1/Launch Application/Page_JClient/input_gwt-TextBox GKH2EKQBMDB""), Keys.chord(ENTER))",Chrome 71.0.3578.98,,2019-01-25 10:22:44,2019-01-25 10:22:44,0.060s,PASSED
delay(3),Chrome 71.0.3578.98,,2019-01-25 10:22:44,2019-01-25 10:22:47,3.005s,PASSED
"click(findTestObject(""FSM1/Launch Application/Page_JClient/div_Configure App""))",Chrome 71.0.3578.98,,2019-01-25 10:22:47,2019-01-25 10:22:47,0.212s,PASSED
"setText(findTestObject(""FSM1/Launch Application/Page_JClient/input_gwt-TextBox GKH2EKQBNHC""), findTestData(""Pre Production/Environmental/UandP"").getValue(3, 1))",Chrome 71.0.3578.98,,2019-01-25 10:22:47,2019-01-25 10:22:48,0.700s,PASSED
"setText(findTestObject(""FSM1/Launch Application/Page_JClient/input_gwt-PasswordTextBox GKH2""), findTestData(""Pre Production/Environmental/UandP"").getValue(4, 1))",Chrome 71.0.3578.98,,2019-01-25 10:22:48,2019-01-25 10:22:48,0.213s,PASSED
"click(findTestObject(""FSM1/Launch Application/Page_JClient/div_Sign In""))",Chrome 71.0.3578.98,,2019-01-25 10:22:48,2019-01-25 10:22:48,0.136s,PASSED
delay(15),Chrome 71.0.3578.98,,2019-01-25 10:22:48,2019-01-25 10:23:03,15.003s,PASSED
,,,,,,
Test Cases/Generic/Select Inspection,Chrome 71.0.3578.98,,2019-01-25 10:23:03,2019-01-25 10:23:47,43.991s,PASSED
delay(20),Chrome 71.0.3578.98,,2019-01-25 10:23:04,2019-01-25 10:23:24,20.001s,PASSED
"waitForElementClickable(findTestObject(""JM_8918/Page_JM Control Centre/Page_JM Control Centre/Page_JClient/Refresh""), 250)",Chrome 71.0.3578.98,,2019-01-25 10:23:24,2019-01-25 10:23:24,0.072s,PASSED
"click(findTestObject(""JM_8918/Page_JM Control Centre/Page_JM Control Centre/Page_JClient/Refresh""))",Chrome 71.0.3578.98,,2019-01-25 10:23:24,2019-01-25 10:23:24,0.069s,PASSED
"waitForElementClickable(findTestObject(""JM_8918/Page_JM Control Centre/Page_JM Control Centre/Page_JClient/Refresh""), 250)",Chrome 71.0.3578.98,,2019-01-25 10:23:24,2019-01-25 10:23:24,0.031s,PASSED
"InspectionRef = modifyObjectProperty(findTestObject(""FSM1/Select Inspection/Landing/Page_JClient/div_35098""), ""text"", ""equals"", temp, true, STOP_ON_FAILURE)",Chrome 71.0.3578.98,,2019-01-25 10:23:24,2019-01-25 10:23:24,0.005s,PASSED
delay(5),Chrome 71.0.3578.98,,2019-01-25 10:23:24,2019-01-25 10:23:29,5.001s,PASSED
"if (verifyElementPresent(InspectionRef, 10, OPTIONAL))",Chrome 71.0.3578.98,,2019-01-25 10:23:29,2019-01-25 10:23:32,3.141s,PASSED
"click(findTestObject(""FSM1/Select Inspection/Page_JClient/div_WITH OPERATIVE""))",Chrome 71.0.3578.98,,2019-01-25 10:23:32,2019-01-25 10:23:33,0.674s,PASSED
delay(2),Chrome 71.0.3578.98,,2019-01-25 10:23:33,2019-01-25 10:23:35,2.004s,PASSED
"click(findTestObject(""FSM1/Select Inspection/Page_JClient/div_TRAVELLING""))",Chrome 71.0.3578.98,,2019-01-25 10:23:35,2019-01-25 10:23:35,0.127s,PASSED
delay(2),Chrome 71.0.3578.98,,2019-01-25 10:23:35,2019-01-25 10:23:37,2.004s,PASSED
"click(findTestObject(""FSM1/Select Inspection/Page_JClient/div_TRAVELLING""))",Chrome 71.0.3578.98,,2019-01-25 10:23:37,2019-01-25 10:23:37,0.091s,PASSED
delay(2),Chrome 71.0.3578.98,,2019-01-25 10:23:37,2019-01-25 10:23:39,2.003s,PASSED
"click(findTestObject(""FSM1/Select Inspection/Page_JClient/div_ARRIVED""))",Chrome 71.0.3578.98,,2019-01-25 10:23:39,2019-01-25 10:23:39,0.112s,PASSED
delay(2),Chrome 71.0.3578.98,,2019-01-25 10:23:39,2019-01-25 10:23:41,2.004s,PASSED
"click(findTestObject(""FSM1/Select Inspection/Page_JClient/div_ARRIVED""))",Chrome 71.0.3578.98,,2019-01-25 10:23:41,2019-01-25 10:23:41,0.092s,PASSED
delay(4),Chrome 71.0.3578.98,,2019-01-25 10:23:41,2019-01-25 10:23:45,4.003s,PASSED
"click(findTestObject(""FSM1/Select Inspection/Page_JClient/div_STARTED""))",Chrome 71.0.3578.98,,2019-01-25 10:23:45,2019-01-25 10:23:45,0.132s,PASSED
delay(2),Chrome 71.0.3578.98,,2019-01-25 10:23:45,2019-01-25 10:23:47,2.001s,PASSED
,,,,,,
"Test Cases/ABP/Generic/Complete ABP Inspection - Section A - 01a, 03a, 04a, 07a, 09a, 22",Chrome 71.0.3578.98,,2019-01-25 10:23:47,2019-01-25 10:24:12,25.067s,PASSED
"click(findTestObject(""Object Repository/FSM1/Complete ABP Inspection/Section A/Page_JClient/div_Section A Summary of Inspe""))",Chrome 71.0.3578.98,,2019-01-25 10:23:48,2019-01-25 10:23:48,0.302s,PASSED
delay(5),Chrome 71.0.3578.98,,2019-01-25 10:23:48,2019-01-25 10:23:53,5.004s,PASSED
"setText(findTestObject(""Object Repository/FSM1/Complete ABP Inspection/Section A/Page_JClient/input_County Parish Holding (C""), ""11/222/3333"")",Chrome 71.0.3578.98,,2019-01-25 10:23:53,2019-01-25 10:23:53,0.249s,PASSED
delay(1),Chrome 71.0.3578.98,,2019-01-25 10:23:53,2019-01-25 10:23:54,1.005s,PASSED
"click(findTestObject(""Object Repository/FSM1/Complete ABP Inspection/Section A/Page_JClient/span_No""))",Chrome 71.0.3578.98,,2019-01-25 10:23:54,2019-01-25 10:23:54,0.106s,PASSED
"click(findTestObject(""Object Repository/FSM1/Complete ABP Inspection/Section A/Page_JClient/span_Yes""))",Chrome 71.0.3578.98,,2019-01-25 10:23:54,2019-01-25 10:23:54,0.085s,PASSED
"setText(findTestObject(""Object Repository/FSM1/Complete ABP Inspection/Section A/Page_JClient/input_Updated Customer Name_gw""), ""Test Automation"")",Chrome 71.0.3578.98,,2019-01-25 10:23:54,2019-01-25 10:23:55,0.278s,PASSED
"setText(findTestObject(""Object Repository/FSM1/Complete ABP Inspection/Section A/Page_JClient/input_Updated Customer Phone_g""), ""07812664043"")",Chrome 71.0.3578.98,,2019-01-25 10:23:55,2019-01-25 10:23:55,0.211s,PASSED
"setText(findTestObject(""Object Repository/FSM1/Complete ABP Inspection/Section A/Page_JClient/input_Updated Customer Email_g""), ""updated@gmail.com"")",Chrome 71.0.3578.98,,2019-01-25 10:23:55,2019-01-25 10:23:55,0.320s,PASSED
"click(findTestObject(""Object Repository/FSM1/Complete ABP Inspection/Section A/Page_JClient/span_Yes_1""))",Chrome 71.0.3578.98,,2019-01-25 10:23:55,2019-01-25 10:23:55,0.134s,PASSED
"setText(findTestObject(""Object Repository/FSM1/Complete ABP Inspection/Section A/Page_JClient/input_Updated Operator Name_gw""), ""Test Automation"")",Chrome 71.0.3578.98,,2019-01-25 10:23:55,2019-01-25 10:23:56,0.271s,PASSED
"setText(findTestObject(""Object Repository/FSM1/Complete ABP Inspection/Section A/Page_JClient/textarea_Updated Operator Addr""), ""Test Automation"")",Chrome 71.0.3578.98,,2019-01-25 10:23:56,2019-01-25 10:23:56,0.229s,PASSED
"setText(findTestObject(""Object Repository/FSM1/Complete ABP Inspection/Section A/Page_JClient/input_Updated Operator Postcod""), ""B93 0HN"")",Chrome 71.0.3578.98,,2019-01-25 10:23:56,2019-01-25 10:23:56,0.214s,PASSED
"setText(findTestObject(""Object Repository/FSM1/Complete ABP Inspection/Section A/Page_JClient/input_Updated Operator Phone_g""), ""07812664043"")",Chrome 71.0.3578.98,,2019-01-25 10:23:56,2019-01-25 10:23:56,0.222s,PASSED
"setText(findTestObject(""Object Repository/FSM1/Complete ABP Inspection/Section A/Page_JClient/input_Updated Operator Email_g""), ""updated@gmail.com"")",Chrome 71.0.3578.98,,2019-01-25 10:23:56,2019-01-25 10:23:57,0.302s,PASSED
"click(findTestObject(""Object Repository/FSM1/Complete ABP Inspection/Section A/Page_JClient/span_Yes_2""))",Chrome 71.0.3578.98,,2019-01-25 10:23:57,2019-01-25 10:23:57,0.087s,PASSED
"click(findTestObject(""Object Repository/FSM1/Complete ABP Inspection/Section A/Page_JClient/label_LA Trading Standards""))",Chrome 71.0.3578.98,,2019-01-25 10:23:57,2019-01-25 10:23:57,0.089s,PASSED
"click(findTestObject(""Object Repository/FSM1/Complete ABP Inspection/Section A/Page_JClient/label_LA Environment Health""))",Chrome 71.0.3578.98,,2019-01-25 10:23:57,2019-01-25 10:23:57,0.087s,PASSED
"click(findTestObject(""Object Repository/FSM1/Complete ABP Inspection/Section A/Page_JClient/label_Other non-DEFRA""))",Chrome 71.0.3578.98,,2019-01-25 10:23:57,2019-01-25 10:23:57,0.103s,PASSED
delay(2),Chrome 71.0.3578.98,,2019-01-25 10:23:57,2019-01-25 10:23:59,2.003s,PASSED
"click(findTestObject(""Object Repository/FSM1/Complete ABP Inspection/Section A/Page_JClient/span_Yes_3""))",Chrome 71.0.3578.98,,2019-01-25 10:23:59,2019-01-25 10:23:59,0.113s,PASSED
delay(2),Chrome 71.0.3578.98,,2019-01-25 10:23:59,2019-01-25 10:24:01,2.002s,PASSED
"setText(findTestObject(""Object Repository/FSM1/Complete ABP Inspection/Section A/Page_JClient/input_Name of plant representa""), ""Test Automation"")",Chrome 71.0.3578.98,,2019-01-25 10:24:01,2019-01-25 10:24:01,0.298s,PASSED
"setText(findTestObject(""Object Repository/FSM1/Complete ABP Inspection/Section A/Page_JClient/textarea_Issues raised at last""), ""Test Automation"")",Chrome 71.0.3578.98,,2019-01-25 10:24:01,2019-01-25 10:24:01,0.154s,PASSED
"selectOptionByValue(findTestObject(""Object Repository/FSM1/Complete ABP Inspection/Section A/Page_JClient/select_SatisfactoryUnsatisfact_1""), ""S"", true)",Chrome 71.0.3578.98,,2019-01-25 10:24:01,2019-01-25 10:24:02,0.251s,PASSED
"selectOptionByValue(findTestObject(""Object Repository/FSM1/Complete ABP Inspection/Section A/Page_JClient/select_SatisfactoryUnsatisfact_2""), ""S"", true)",Chrome 71.0.3578.98,,2019-01-25 10:24:02,2019-01-25 10:24:02,0.246s,PASSED
"selectOptionByValue(findTestObject(""Object Repository/FSM1/Complete ABP Inspection/Section A/Page_JClient/select_SatisfactoryUnsatisfact_3""), ""S"", true)",Chrome 71.0.3578.98,,2019-01-25 10:24:02,2019-01-25 10:24:02,0.226s,PASSED
"selectOptionByValue(findTestObject(""Object Repository/FSM1/Complete ABP Inspection/Section A/Page_JClient/select_SatisfactoryUnsatisfact_4""), ""S"", true)",Chrome 71.0.3578.98,,2019-01-25 10:24:02,2019-01-25 10:24:02,0.225s,PASSED
"setText(findTestObject(""Object Repository/FSM1/Complete ABP Inspection/Section A/Page_JClient/textarea_General Visit Comment""), ""Test Automation"")",Chrome 71.0.3578.98,,2019-01-25 10:24:02,2019-01-25 10:24:03,0.158s,PASSED
"click(findTestObject(""Object Repository/FSM1/Complete ABP Inspection/Section A/Page_JClient/span_No_1""))",Chrome 71.0.3578.98,,2019-01-25 10:24:03,2019-01-25 10:24:03,0.073s,PASSED
"click(findTestObject(""Object Repository/FSM1/Complete ABP Inspection/Section A/Page_JClient/span_No_2""))",Chrome 71.0.3578.98,,2019-01-25 10:24:03,2019-01-25 10:24:03,0.073s,PASSED
delay(2),Chrome 71.0.3578.98,,2019-01-25 10:24:03,2019-01-25 10:24:05,2.004s,PASSED
"if (verifyElementPresent(findTestObject(""Object Repository/FSM1/Complete ABP Inspection/Section A/Page_JClient/span_No_3""), 5, OPTIONAL))",Chrome 71.0.3578.98,,2019-01-25 10:24:05,2019-01-25 10:24:05,0.139s,PASSED
"selectOptionByValue(findTestObject(""Object Repository/FSM1/Complete ABP Inspection/Section A/Page_JClient/select_(a) Continue with curre""), ""Continue with current approval"", true)",Chrome 71.0.3578.98,,2019-01-25 10:24:05,2019-01-25 10:24:05,0.255s,PASSED
"click(findTestObject(""Object Repository/FSM1/Complete ABP Inspection/Section A/Page_JClient/span_No_4""))",Chrome 71.0.3578.98,,2019-01-25 10:24:05,2019-01-25 10:24:05,0.107s,PASSED
"click(findTestObject(""Object Repository/FSM1/Complete ABP Inspection/Section A/Page_JClient/span_Yes_4""))",Chrome 71.0.3578.98,,2019-01-25 10:24:05,2019-01-25 10:24:05,0.082s,PASSED
"click(findTestObject(""Object Repository/FSM1/Complete ABP Inspection/Section A/Page_JClient/span_Yes_5""))",Chrome 71.0.3578.98,,2019-01-25 10:24:05,2019-01-25 10:24:05,0.102s,PASSED
"setText(findTestObject(""FSM1/Complete ABP Inspection/Section A/Page_JClient/NotifiedAndActions""), ""Test Automation"")",Chrome 71.0.3578.98,,2019-01-25 10:24:05,2019-01-25 10:24:06,0.157s,PASSED
"click(findTestObject(""Object Repository/FSM1/Complete ABP Inspection/Section A/Page_JClient/div_Save""))",Chrome 71.0.3578.98,,2019-01-25 10:24:06,2019-01-25 10:24:06,0.089s,PASSED
delay(2),Chrome 71.0.3578.98,,2019-01-25 10:24:06,2019-01-25 10:24:08,2.003s,PASSED
"verifyElementPresent(findTestObject(""Object Repository/FSM1/Complete ABP Inspection/Section A/Page_JClient/div_Section A Summary of Inspe""), 2)",Chrome 71.0.3578.98,,2019-01-25 10:24:08,2019-01-25 10:24:08,0.069s,PASSED
"click(findTestObject(""Object Repository/FSM1/Complete ABP Inspection/Section A/Page_JClient/div_Section A Summary of Inspe""))",Chrome 71.0.3578.98,,2019-01-25 10:24:08,2019-01-25 10:24:08,0.174s,PASSED
delay(2),Chrome 71.0.3578.98,,2019-01-25 10:24:08,2019-01-25 10:24:10,2.005s,PASSED
"setText(findTestObject(""Object Repository/FSM1/Complete ABP Inspection/Section A/Page_JClient/input_Chargeable time (minutes""), ""10"")",Chrome 71.0.3578.98,,2019-01-25 10:24:10,2019-01-25 10:24:10,0.182s,PASSED
"click(findTestObject(""Object Repository/FSM1/Complete ABP Inspection/Section A/Page_JClient/div_Save""))",Chrome 71.0.3578.98,,2019-01-25 10:24:10,2019-01-25 10:24:10,0.075s,PASSED
delay(2),Chrome 71.0.3578.98,,2019-01-25 10:24:10,2019-01-25 10:24:12,2.001s,PASSED
,,,,,,
Test Cases/ABP/ABPR01a/Complete ABPR01a Inspection - Section B,Chrome 71.0.3578.98,,2019-01-25 10:24:12,2019-01-25 10:24:31,18.722s,PASSED
delay(5),Chrome 71.0.3578.98,,2019-01-25 10:24:13,2019-01-25 10:24:18,5.004s,PASSED
"click(findTestObject(""Object Repository/FSM1/Complete ABP Inspection/ABPR01a Section B/Page_JClient/div_Section B Inspection Detai""))",Chrome 71.0.3578.98,,2019-01-25 10:24:18,2019-01-25 10:24:18,0.263s,PASSED
delay(5),Chrome 71.0.3578.98,,2019-01-25 10:24:18,2019-01-25 10:24:23,5.002s,PASSED
"click(findTestObject(""Object Repository/FSM1/Complete ABP Inspection/ABPR01a Section B/Page_JClient/input_Biogas_gwt-uid-92""), CONTINUE_ON_FAILURE)",Chrome 71.0.3578.98,,2019-01-25 10:24:23,2019-01-25 10:24:23,0.112s,PASSED
"selectOptionByValue(findTestObject(""Object Repository/FSM1/Complete ABP Inspection/ABPR01a Section B/Page_JClient/select_All Category 3 by-produ""), ""Category 3 by-products"", true, CONTINUE_ON_FAILURE)",Chrome 71.0.3578.98,,2019-01-25 10:24:23,2019-01-25 10:24:23,0.219s,PASSED
"click(findTestObject(""Object Repository/FSM1/Complete ABP Inspection/ABPR01a Section B/Page_JClient/input_Structure_radio_group_1""))",Chrome 71.0.3578.98,,2019-01-25 10:24:23,2019-01-25 10:24:23,0.077s,PASSED
"click(findTestObject(""Object Repository/FSM1/Complete ABP Inspection/ABPR01a Section B/Page_JClient/input_Not Checked_radio_group_""))",Chrome 71.0.3578.98,,2019-01-25 10:24:23,2019-01-25 10:24:23,0.077s,PASSED
"click(findTestObject(""Object Repository/FSM1/Complete ABP Inspection/ABPR01a Section B/Page_JClient/input_Not Checked_radio_group__1""))",Chrome 71.0.3578.98,,2019-01-25 10:24:23,2019-01-25 10:24:23,0.081s,PASSED
"click(findTestObject(""Object Repository/FSM1/Complete ABP Inspection/ABPR01a Section B/Page_JClient/input_Not Checked_radio_group__2""))",Chrome 71.0.3578.98,,2019-01-25 10:24:23,2019-01-25 10:24:24,0.077s,PASSED
"click(findTestObject(""Object Repository/FSM1/Complete ABP Inspection/ABPR01a Section B/Page_JClient/input_Operations_radio_group_5""))",Chrome 71.0.3578.98,,2019-01-25 10:24:24,2019-01-25 10:24:24,0.084s,PASSED
"click(findTestObject(""Object Repository/FSM1/Complete ABP Inspection/ABPR01a Section B/Page_JClient/input_Not Checked_radio_group__3""))",Chrome 71.0.3578.98,,2019-01-25 10:24:24,2019-01-25 10:24:24,0.099s,PASSED
"click(findTestObject(""Object Repository/FSM1/Complete ABP Inspection/ABPR01a Section B/Page_JClient/input_Not Checked_radio_group__4""))",Chrome 71.0.3578.98,,2019-01-25 10:24:24,2019-01-25 10:24:24,0.084s,PASSED
"click(findTestObject(""Object Repository/FSM1/Complete ABP Inspection/ABPR01a Section B/Page_JClient/input_Not Checked_radio_group__5""))",Chrome 71.0.3578.98,,2019-01-25 10:24:24,2019-01-25 10:24:24,0.082s,PASSED
"click(findTestObject(""Object Repository/FSM1/Complete ABP Inspection/ABPR01a Section B/Page_JClient/input_Not Checked_radio_group__6""))",Chrome 71.0.3578.98,,2019-01-25 10:24:24,2019-01-25 10:24:24,0.089s,PASSED
"click(findTestObject(""Object Repository/FSM1/Complete ABP Inspection/ABPR01a Section B/Page_JClient/input_(b) Equipment usage_radi""))",Chrome 71.0.3578.98,,2019-01-25 10:24:24,2019-01-25 10:24:24,0.099s,PASSED
"click(findTestObject(""Object Repository/FSM1/Complete ABP Inspection/ABPR01a Section B/Page_JClient/input_(c) Availability of a do""))",Chrome 71.0.3578.98,,2019-01-25 10:24:24,2019-01-25 10:24:24,0.077s,PASSED
"click(findTestObject(""Object Repository/FSM1/Complete ABP Inspection/ABPR01a Section B/Page_JClient/input_(d) Plant cleanliness_ra""))",Chrome 71.0.3578.98,,2019-01-25 10:24:24,2019-01-25 10:24:24,0.095s,PASSED
"click(findTestObject(""Object Repository/FSM1/Complete ABP Inspection/ABPR01a Section B/Page_JClient/input_(e) Cleandown of exposed""))",Chrome 71.0.3578.98,,2019-01-25 10:24:24,2019-01-25 10:24:24,0.087s,PASSED
"click(findTestObject(""Object Repository/FSM1/Complete ABP Inspection/ABPR01a Section B/Page_JClient/input_(f) Pest control_radio_g""))",Chrome 71.0.3578.98,,2019-01-25 10:24:24,2019-01-25 10:24:24,0.087s,PASSED
"click(findTestObject(""Object Repository/FSM1/Complete ABP Inspection/ABPR01a Section B/Page_JClient/input_(g) Security of processe""))",Chrome 71.0.3578.98,,2019-01-25 10:24:24,2019-01-25 10:24:25,0.096s,PASSED
"click(findTestObject(""Object Repository/FSM1/Complete ABP Inspection/ABPR01a Section B/Page_JClient/input_Not Checked_radio_group__7""))",Chrome 71.0.3578.98,,2019-01-25 10:24:25,2019-01-25 10:24:25,0.087s,PASSED
"click(findTestObject(""Object Repository/FSM1/Complete ABP Inspection/ABPR01a Section B/Page_JClient/input_(b) to mains drains in l""))",Chrome 71.0.3578.98,,2019-01-25 10:24:25,2019-01-25 10:24:25,0.088s,PASSED
"click(findTestObject(""Object Repository/FSM1/Complete ABP Inspection/ABPR01a Section B/Page_JClient/input_(c) to land or soakaway""))",Chrome 71.0.3578.98,,2019-01-25 10:24:25,2019-01-25 10:24:25,0.108s,PASSED
"click(findTestObject(""Object Repository/FSM1/Complete ABP Inspection/ABPR01a Section B/Page_JClient/input_(d) absorbed and process""))",Chrome 71.0.3578.98,,2019-01-25 10:24:25,2019-01-25 10:24:25,0.084s,PASSED
"click(findTestObject(""Object Repository/FSM1/Complete ABP Inspection/ABPR01a Section B/Page_JClient/input_Not Checked_radio_group__8""))",Chrome 71.0.3578.98,,2019-01-25 10:24:25,2019-01-25 10:24:25,0.088s,PASSED
"click(findTestObject(""Object Repository/FSM1/Complete ABP Inspection/ABPR01a Section B/Page_JClient/input_Not Checked_radio_group__9""))",Chrome 71.0.3578.98,,2019-01-25 10:24:25,2019-01-25 10:24:25,0.081s,PASSED
"click(findTestObject(""Object Repository/FSM1/Complete ABP Inspection/ABPR01a Section B/Page_JClient/input_Not Checked_radio_group__10""))",Chrome 71.0.3578.98,,2019-01-25 10:24:25,2019-01-25 10:24:25,0.085s,PASSED
"click(findTestObject(""Object Repository/FSM1/Complete ABP Inspection/ABPR01a Section B/Page_JClient/input_Not Checked_radio_group__11""))",Chrome 71.0.3578.98,,2019-01-25 10:24:25,2019-01-25 10:24:25,0.082s,PASSED
"click(findTestObject(""Object Repository/FSM1/Complete ABP Inspection/ABPR01a Section B/Page_JClient/input_Operations - Transport_r""))",Chrome 71.0.3578.98,,2019-01-25 10:24:25,2019-01-25 10:24:25,0.083s,PASSED
"click(findTestObject(""Object Repository/FSM1/Complete ABP Inspection/ABPR01a Section B/Page_JClient/input_Not Checked_radio_group__12""))",Chrome 71.0.3578.98,,2019-01-25 10:24:25,2019-01-25 10:24:25,0.081s,PASSED
"click(findTestObject(""Object Repository/FSM1/Complete ABP Inspection/ABPR01a Section B/Page_JClient/input_Not Checked_radio_group__13""))",Chrome 71.0.3578.98,,2019-01-25 10:24:25,2019-01-25 10:24:25,0.082s,PASSED
"click(findTestObject(""Object Repository/FSM1/Complete ABP Inspection/ABPR01a Section B/Page_JClient/input_Not Checked_radio_group__14""))",Chrome 71.0.3578.98,,2019-01-25 10:24:25,2019-01-25 10:24:26,0.108s,PASSED
"click(findTestObject(""Object Repository/FSM1/Complete ABP Inspection/ABPR01a Section B/Page_JClient/input_Operations - Microbiolog""))",Chrome 71.0.3578.98,,2019-01-25 10:24:26,2019-01-25 10:24:26,0.112s,PASSED
"click(findTestObject(""Object Repository/FSM1/Complete ABP Inspection/ABPR01a Section B/Page_JClient/input_Not Checked_radio_group__15""))",Chrome 71.0.3578.98,,2019-01-25 10:24:26,2019-01-25 10:24:26,0.095s,PASSED
"click(findTestObject(""Object Repository/FSM1/Complete ABP Inspection/ABPR01a Section B/Page_JClient/input_Not Checked_radio_group__16""))",Chrome 71.0.3578.98,,2019-01-25 10:24:26,2019-01-25 10:24:26,0.083s,PASSED
"click(findTestObject(""Object Repository/FSM1/Complete ABP Inspection/ABPR01a Section B/Page_JClient/span_Yes""))",Chrome 71.0.3578.98,,2019-01-25 10:24:26,2019-01-25 10:24:26,0.087s,PASSED
"click(findTestObject(""Object Repository/FSM1/Complete ABP Inspection/ABPR01a Section B/Page_JClient/input_Not Checked_radio_group__17""))",Chrome 71.0.3578.98,,2019-01-25 10:24:26,2019-01-25 10:24:26,0.110s,PASSED
"click(findTestObject(""Object Repository/FSM1/Complete ABP Inspection/ABPR01a Section B/Page_JClient/input_Records_radio_group_32""))",Chrome 71.0.3578.98,,2019-01-25 10:24:26,2019-01-25 10:24:26,0.087s,PASSED
"click(findTestObject(""Object Repository/FSM1/Complete ABP Inspection/ABPR01a Section B/Page_JClient/input_If records have not been""))",Chrome 71.0.3578.98,,2019-01-25 10:24:26,2019-01-25 10:24:26,0.099s,PASSED
"click(findTestObject(""Object Repository/FSM1/Complete ABP Inspection/ABPR01a Section B/Page_JClient/input_Not Checked_radio_group__18""))",Chrome 71.0.3578.98,,2019-01-25 10:24:26,2019-01-25 10:24:26,0.100s,PASSED
"click(findTestObject(""Object Repository/FSM1/Complete ABP Inspection/ABPR01a Section B/Page_JClient/input_What is the date of the""))",Chrome 71.0.3578.98,,2019-01-25 10:24:26,2019-01-25 10:24:26,0.086s,PASSED
"click(findTestObject(""Object Repository/FSM1/Complete ABP Inspection/ABPR01a Section B/Page_JClient/input_Not Checked_radio_group__19""))",Chrome 71.0.3578.98,,2019-01-25 10:24:26,2019-01-25 10:24:27,0.080s,PASSED
"click(findTestObject(""Object Repository/FSM1/Complete ABP Inspection/ABPR01a Section B/Page_JClient/input_To_radio_group_37""))",Chrome 71.0.3578.98,,2019-01-25 10:24:27,2019-01-25 10:24:27,0.086s,PASSED
"click(findTestObject(""Object Repository/FSM1/Complete ABP Inspection/ABPR01a Section B/Page_JClient/input_Not Checked_radio_group__20""))",Chrome 71.0.3578.98,,2019-01-25 10:24:27,2019-01-25 10:24:27,0.081s,PASSED
"click(findTestObject(""Object Repository/FSM1/Complete ABP Inspection/ABPR01a Section B/Page_JClient/input_b. ABP category of mater""))",Chrome 71.0.3578.98,,2019-01-25 10:24:27,2019-01-25 10:24:27,0.088s,PASSED
"click(findTestObject(""Object Repository/FSM1/Complete ABP Inspection/ABPR01a Section B/Page_JClient/input_c. Volume of material (w""))",Chrome 71.0.3578.98,,2019-01-25 10:24:27,2019-01-25 10:24:27,0.100s,PASSED
"click(findTestObject(""Object Repository/FSM1/Complete ABP Inspection/ABPR01a Section B/Page_JClient/input_No_radio_group_41""))",Chrome 71.0.3578.98,,2019-01-25 10:24:27,2019-01-25 10:24:27,0.078s,PASSED
"click(findTestObject(""Object Repository/FSM1/Complete ABP Inspection/ABPR01a Section B/Page_JClient/input_e. Name and address of h""))",Chrome 71.0.3578.98,,2019-01-25 10:24:27,2019-01-25 10:24:27,0.083s,PASSED
"click(findTestObject(""Object Repository/FSM1/Complete ABP Inspection/ABPR01a Section B/Page_JClient/input_f. Name and address of r""))",Chrome 71.0.3578.98,,2019-01-25 10:24:27,2019-01-25 10:24:27,0.088s,PASSED
"click(findTestObject(""Object Repository/FSM1/Complete ABP Inspection/ABPR01a Section B/Page_JClient/input_g. Grazing ban requireme""))",Chrome 71.0.3578.98,,2019-01-25 10:24:27,2019-01-25 10:24:27,0.082s,PASSED
"click(findTestObject(""Object Repository/FSM1/Complete ABP Inspection/ABPR01a Section B/Page_JClient/input_No_radio_group_45""))",Chrome 71.0.3578.98,,2019-01-25 10:24:27,2019-01-25 10:24:27,0.100s,PASSED
"setText(findTestObject(""Object Repository/FSM1/Complete ABP Inspection/ABPR01a Section B/Page_JClient/textarea_Not Checked_gwt-TextA""), ""Test automation"")",Chrome 71.0.3578.98,,2019-01-25 10:24:27,2019-01-25 10:24:27,0.151s,PASSED
"click(findTestObject(""Object Repository/FSM1/Complete ABP Inspection/ABPR01a Section B/Page_JClient/input_Not Checked_radio_group__21""))",Chrome 71.0.3578.98,,2019-01-25 10:24:27,2019-01-25 10:24:28,0.074s,PASSED
"click(findTestObject(""Object Repository/FSM1/Complete ABP Inspection/ABPR01a Section B/Page_JClient/input_(b) Do pest control reco""))",Chrome 71.0.3578.98,,2019-01-25 10:24:28,2019-01-25 10:24:28,0.103s,PASSED
"click(findTestObject(""Object Repository/FSM1/Complete ABP Inspection/ABPR01a Section B/Page_JClient/input_Not Checked_radio_group__22""))",Chrome 71.0.3578.98,,2019-01-25 10:24:28,2019-01-25 10:24:28,0.085s,PASSED
"click(findTestObject(""Object Repository/FSM1/Complete ABP Inspection/ABPR01a Section B/Page_JClient/input_Not Checked_radio_group__23""))",Chrome 71.0.3578.98,,2019-01-25 10:24:28,2019-01-25 10:24:28,0.102s,PASSED
"click(findTestObject(""Object Repository/FSM1/Complete ABP Inspection/ABPR01a Section B/Page_JClient/input_(c) In your opinion does""))",Chrome 71.0.3578.98,,2019-01-25 10:24:28,2019-01-25 10:24:28,0.080s,PASSED
"setText(findTestObject(""Object Repository/FSM1/Complete ABP Inspection/ABPR01a Section B/Page_JClient/textarea_Please give details o""), ""test automation"")",Chrome 71.0.3578.98,,2019-01-25 10:24:28,2019-01-25 10:24:28,0.176s,PASSED
"click(findTestObject(""Object Repository/FSM1/Complete ABP Inspection/ABPR01a Section B/Page_JClient/input_(a) Back trace (complete""))",Chrome 71.0.3578.98,,2019-01-25 10:24:28,2019-01-25 10:24:28,0.090s,PASSED
"click(findTestObject(""Object Repository/FSM1/Complete ABP Inspection/ABPR01a Section B/Page_JClient/input_Yes_radio_group_52""))",Chrome 71.0.3578.98,,2019-01-25 10:24:28,2019-01-25 10:24:28,0.083s,PASSED
delay(2),Chrome 71.0.3578.98,,2019-01-25 10:24:28,2019-01-25 10:24:30,2.003s,PASSED
"click(findTestObject(""Object Repository/FSM1/Complete ABP Inspection/ABPR01a Section B/Page_JClient/input_(b) Forward trace (compl""))",Chrome 71.0.3578.98,,2019-01-25 10:24:30,2019-01-25 10:24:30,0.118s,PASSED
"click(findTestObject(""Object Repository/FSM1/Complete ABP Inspection/ABPR01a Section B/Page_JClient/input_Yes_radio_group_54""))",Chrome 71.0.3578.98,,2019-01-25 10:24:30,2019-01-25 10:24:30,0.079s,PASSED
mydate = new java.util.Date(),Chrome 71.0.3578.98,,2019-01-25 10:24:30,2019-01-25 10:24:30,0.009s,PASSED
"formattedDate = mydate.format(""dd/MM/yyyy"")",Chrome 71.0.3578.98,,2019-01-25 10:24:30,2019-01-25 10:24:30,0.029s,PASSED
"sendKeys(findTestObject(""FSM1/Complete ABP Inspection/ABPR01a Section B/Page_JClient/CalibrationDate""), formattedDate)",Chrome 71.0.3578.98,,2019-01-25 10:24:30,2019-01-25 10:24:31,0.114s,PASSED
"sendKeys(findTestObject(""FSM1/Complete ABP Inspection/ABPR01a Section B/Page_JClient/DocumentFromDate""), formattedDate)",Chrome 71.0.3578.98,,2019-01-25 10:24:31,2019-01-25 10:24:31,0.115s,PASSED
"sendKeys(findTestObject(""FSM1/Complete ABP Inspection/ABPR01a Section B/Page_JClient/DocumentToDate""), formattedDate)",Chrome 71.0.3578.98,,2019-01-25 10:24:31,2019-01-25 10:24:31,0.117s,PASSED
"click(findTestObject(""Object Repository/FSM1/Complete ABP Inspection/ABPR01a Section B/Page_JClient/div_Save""))",Chrome 71.0.3578.98,,2019-01-25 10:24:31,2019-01-25 10:24:31,0.093s,PASSED
,,,,,,
Test Cases/ABP/Generic/Complete ABP Inspection - Section C - Full Risk Assessment,Chrome 71.0.3578.98,,2019-01-25 10:24:31,2019-01-25 10:24:38,7.189s,PASSED
delay(5),Chrome 71.0.3578.98,,2019-01-25 10:24:31,2019-01-25 10:24:36,5.003s,PASSED
"click(findTestObject(""Object Repository/FSM1/Complete ABP Inspection/Section C Full Risk Assessment/Page_JClient/div_Section C Risk Assessment""))",Chrome 71.0.3578.98,,2019-01-25 10:24:36,2019-01-25 10:24:36,0.168s,PASSED
"selectOptionByValue(findTestObject(""Object Repository/FSM1/Complete ABP Inspection/Section C Full Risk Assessment/Page_JClient/select_3 - Cat 3 material and""), ""12"", true)",Chrome 71.0.3578.98,,2019-01-25 10:24:36,2019-01-25 10:24:37,0.305s,PASSED
"selectOptionByValue(findTestObject(""Object Repository/FSM1/Complete ABP Inspection/Section C Full Risk Assessment/Page_JClient/select_0 - Very low throughput""), ""10"", true)",Chrome 71.0.3578.98,,2019-01-25 10:24:37,2019-01-25 10:24:37,0.238s,PASSED
"selectOptionByValue(findTestObject(""Object Repository/FSM1/Complete ABP Inspection/Section C Full Risk Assessment/Page_JClient/select_0 - No product entering""), ""15"", true)",Chrome 71.0.3578.98,,2019-01-25 10:24:37,2019-01-25 10:24:37,0.257s,PASSED
"selectOptionByValue(findTestObject(""Object Repository/FSM1/Complete ABP Inspection/Section C Full Risk Assessment/Page_JClient/select_0 - Not required or com""), ""5"", true)",Chrome 71.0.3578.98,,2019-01-25 10:24:37,2019-01-25 10:24:37,0.212s,PASSED
"selectOptionByValue(findTestObject(""Object Repository/FSM1/Complete ABP Inspection/Section C Full Risk Assessment/Page_JClient/select_0 - Fully compliant iss""), ""10"", true)",Chrome 71.0.3578.98,,2019-01-25 10:24:37,2019-01-25 10:24:38,0.251s,PASSED
"selectOptionByValue(findTestObject(""Object Repository/FSM1/Complete ABP Inspection/Section C Full Risk Assessment/Page_JClient/select_AnnuallyQuarterly6 Mont""), ""Monthly"", true)",Chrome 71.0.3578.98,,2019-01-25 10:24:38,2019-01-25 10:24:38,0.283s,PASSED
"setText(findTestObject(""Object Repository/FSM1/Complete ABP Inspection/Section C Full Risk Assessment/Page_JClient/textarea_Any other relevant in""), ""Test Automation"")",Chrome 71.0.3578.98,,2019-01-25 10:24:38,2019-01-25 10:24:38,0.158s,PASSED
"click(findTestObject(""Object Repository/FSM1/Complete ABP Inspection/Section C Full Risk Assessment/Page_JClient/div_Save""))",Chrome 71.0.3578.98,,2019-01-25 10:24:38,2019-01-25 10:24:38,0.085s,PASSED
,,,,,,
Test Cases/ABP/Generic/Complete ABP Inspection - ABPR15 Sample Submission,Chrome 71.0.3578.98,,2019-01-25 10:24:38,2019-01-25 10:24:47,9.137s,PASSED
delay(5),Chrome 71.0.3578.98,,2019-01-25 10:24:38,2019-01-25 10:24:43,5.004s,PASSED
"click(findTestObject(""Object Repository/FSM1/Complete ABP Inspection/ABPR15 Sample Submission/Page_JClient/div_ABPR15 - Sample Submission""))",Chrome 71.0.3578.98,,2019-01-25 10:24:43,2019-01-25 10:24:44,0.128s,PASSED
"click(findTestObject(""Object Repository/FSM1/Complete ABP Inspection/ABPR15 Sample Submission/Page_JClient/div_Create_GKH2EKQBDXB GKH2EKQ""))",Chrome 71.0.3578.98,,2019-01-25 10:24:44,2019-01-25 10:24:44,0.128s,PASSED
"selectOptionByValue(findTestObject(""Object Repository/FSM1/Complete ABP Inspection/ABPR15 Sample Submission/Page_JClient/select_InvestigationRoutineVal""), ""Investigation"", true)",Chrome 71.0.3578.98,,2019-01-25 10:24:44,2019-01-25 10:24:44,0.240s,PASSED
"selectOptionByValue(findTestObject(""Object Repository/FSM1/Complete ABP Inspection/ABPR15 Sample Submission/Page_JClient/select_123Catering waste""), ""2"", true)",Chrome 71.0.3578.98,,2019-01-25 10:24:44,2019-01-25 10:24:44,0.239s,PASSED
"setText(findTestObject(""Object Repository/FSM1/Complete ABP Inspection/ABPR15 Sample Submission/Page_JClient/input_Sample identity (e.g. se""), ""Test automation"")",Chrome 71.0.3578.98,,2019-01-25 10:24:44,2019-01-25 10:24:44,0.203s,PASSED
"setText(findTestObject(""Object Repository/FSM1/Complete ABP Inspection/ABPR15 Sample Submission/Page_JClient/input_Type of material sampled""), ""Test automation"")",Chrome 71.0.3578.98,,2019-01-25 10:24:44,2019-01-25 10:24:45,0.198s,PASSED
"selectOptionByValue(findTestObject(""Object Repository/FSM1/Complete ABP Inspection/ABPR15 Sample Submission/Page_JClient/select_Compost or digestatePro""), ""Compost or digestate"", true)",Chrome 71.0.3578.98,,2019-01-25 10:24:45,2019-01-25 10:24:45,0.215s,PASSED
"click(findTestObject(""Object Repository/FSM1/Complete ABP Inspection/ABPR15 Sample Submission/Page_JClient/input_Test Requested (refer to""))",Chrome 71.0.3578.98,,2019-01-25 10:24:45,2019-01-25 10:24:45,0.077s,PASSED
"click(findTestObject(""Object Repository/FSM1/Complete ABP Inspection/ABPR15 Sample Submission/Page_JClient/input_Clostridium perfringens""))",Chrome 71.0.3578.98,,2019-01-25 10:24:45,2019-01-25 10:24:45,0.076s,PASSED
mydate = new java.util.Date(),Chrome 71.0.3578.98,,2019-01-25 10:24:45,2019-01-25 10:24:45,0.001s,PASSED
"formattedDate = mydate.format(""dd/MM/yyyy"")",Chrome 71.0.3578.98,,2019-01-25 10:24:45,2019-01-25 10:24:45,0.000s,PASSED
"sendKeys(findTestObject(""FSM1/Complete ABP Inspection/ABPR15 Sample Submission/Page_JClient/DateofSample""), formattedDate)",Chrome 71.0.3578.98,,2019-01-25 10:24:45,2019-01-25 10:24:45,0.094s,PASSED
"sendKeys(findTestObject(""FSM1/Complete ABP Inspection/ABPR15 Sample Submission/Page_JClient/DateofSubmission""), formattedDate)",Chrome 71.0.3578.98,,2019-01-25 10:24:45,2019-01-25 10:24:45,0.107s,PASSED
delay(2),Chrome 71.0.3578.98,,2019-01-25 10:24:45,2019-01-25 10:24:47,2.002s,PASSED
"click(findTestObject(""FSM1/Complete ABP Inspection/ABPR15 Sample Submission/Page_JClient/div_Save1""))",Chrome 71.0.3578.98,,2019-01-25 10:24:47,2019-01-25 10:24:47,0.151s,PASSED
,,,,,,
Test Cases/ABP/Generic/Complete ABP Inspection - ABPR17 Backward Trace - Not Completed,Chrome 71.0.3578.98,,2019-01-25 10:24:47,2019-01-25 10:25:02,15.033s,PASSED
delay(3),Chrome 71.0.3578.98,,2019-01-25 10:24:48,2019-01-25 10:24:51,3.004s,PASSED
"click(findTestObject(""FSM1/Complete ABP Inspection/ABPR17 Backward Trace/Page_JClient/div_ABPR17 - Backward Trace1""))",Chrome 71.0.3578.98,,2019-01-25 10:24:51,2019-01-25 10:24:51,0.117s,PASSED
delay(2),Chrome 71.0.3578.98,,2019-01-25 10:24:51,2019-01-25 10:24:53,2.002s,PASSED
"click(findTestObject(""Object Repository/FSM1/Complete ABP Inspection/ABPR17 Backward Trace/Page_JClient/div_Create_GKH2EKQBDXB GKH2EKQ""))",Chrome 71.0.3578.98,,2019-01-25 10:24:53,2019-01-25 10:24:53,0.269s,PASSED
delay(2),Chrome 71.0.3578.98,,2019-01-25 10:24:53,2019-01-25 10:24:55,2.002s,PASSED
"click(findTestObject(""Object Repository/FSM1/Complete ABP Inspection/ABPR17 Backward Trace/Page_JClient/input_Is this inspection at th""))",Chrome 71.0.3578.98,,2019-01-25 10:24:55,2019-01-25 10:24:55,0.106s,PASSED
"verifyElementPresent(findTestObject(""FSM1/Release22/Page_JClient/div_Name of Operator_17""), 2)",Chrome 71.0.3578.98,Release 22 - FP-843,2019-01-25 10:24:55,2019-01-25 10:24:55,0.020s,PASSED
"verifyElementPresent(findTestObject(""FSM1/Release22/Page_JClient/div_Name of Operator_17_1""), 2)",Chrome 71.0.3578.98,Release 22 - FP-843,2019-01-25 10:24:55,2019-01-25 10:24:55,0.029s,PASSED
"setText(findTestObject(""Object Repository/FSM1/Complete ABP Inspection/ABPR17 Backward Trace/Page_JClient/input_Approval Number_gwt-Text""), ""1234"")",Chrome 71.0.3578.98,,2019-01-25 10:24:55,2019-01-25 10:24:55,0.143s,PASSED
"setText(findTestObject(""Object Repository/FSM1/Complete ABP Inspection/ABPR17 Backward Trace/Page_JClient/input_Premises Type_gwt-TextBo""), ""Test automation"")",Chrome 71.0.3578.98,,2019-01-25 10:24:55,2019-01-25 10:24:56,0.244s,PASSED
"setText(findTestObject(""FSM1/Complete ABP Inspection/ABPR17 Backward Trace/Page_JClient/input_Name of Operator_gwt-Tex""), ""Test automation"")",Chrome 71.0.3578.98,,2019-01-25 10:24:56,2019-01-25 10:24:56,0.213s,PASSED
"setText(findTestObject(""Object Repository/FSM1/Complete ABP Inspection/ABPR17 Backward Trace/Page_JClient/textarea_Address of premises_g""), ""Test automation"")",Chrome 71.0.3578.98,,2019-01-25 10:24:56,2019-01-25 10:24:56,0.194s,PASSED
"setText(findTestObject(""Object Repository/FSM1/Complete ABP Inspection/ABPR17 Backward Trace/Page_JClient/input_Postcode_gwt-TextBox GKH""), ""WR5 2NB"")",Chrome 71.0.3578.98,,2019-01-25 10:24:56,2019-01-25 10:24:56,0.217s,PASSED
"setText(findTestObject(""Object Repository/FSM1/Complete ABP Inspection/ABPR17 Backward Trace/Page_JClient/input_Email_gwt-TextBox GKH2EK""), ""test@gmail.com"")",Chrome 71.0.3578.98,,2019-01-25 10:24:56,2019-01-25 10:24:56,0.243s,PASSED
"setText(findTestObject(""Object Repository/FSM1/Complete ABP Inspection/ABPR17 Backward Trace/Page_JClient/input_Approval number (if appl""), ""1234"")",Chrome 71.0.3578.98,,2019-01-25 10:24:56,2019-01-25 10:24:57,0.201s,PASSED
"selectOptionByValue(findTestObject(""Object Repository/FSM1/Complete ABP Inspection/ABPR17 Backward Trace/Page_JClient/select_NorthScotlandSouthernWa""), ""North"", true)",Chrome 71.0.3578.98,,2019-01-25 10:24:57,2019-01-25 10:24:57,0.261s,PASSED
"setText(findTestObject(""Object Repository/FSM1/Complete ABP Inspection/ABPR17 Backward Trace/Page_JClient/input_Name of haulier_gwt-Text""), ""Test automation"")",Chrome 71.0.3578.98,,2019-01-25 10:24:57,2019-01-25 10:24:57,0.212s,PASSED
"setText(findTestObject(""Object Repository/FSM1/Complete ABP Inspection/ABPR17 Backward Trace/Page_JClient/textarea_Address of haulier_gw""), ""Test automation"")",Chrome 71.0.3578.98,,2019-01-25 10:24:57,2019-01-25 10:24:57,0.178s,PASSED
delay(2),Chrome 71.0.3578.98,,2019-01-25 10:24:57,2019-01-25 10:24:59,2.004s,PASSED
"setText(findTestObject(""FSM1/Complete ABP Inspection/ABPR17 Backward Trace/Page_JClient/Postcode""), ""RN2 3WE"")",Chrome 71.0.3578.98,,2019-01-25 10:24:59,2019-01-25 10:25:00,0.212s,PASSED
"setText(findTestObject(""Object Repository/FSM1/Complete ABP Inspection/ABPR17 Backward Trace/Page_JClient/input_Registration number (if""), ""9876"")",Chrome 71.0.3578.98,,2019-01-25 10:25:00,2019-01-25 10:25:00,0.147s,PASSED
"setText(findTestObject(""Object Repository/FSM1/Complete ABP Inspection/ABPR17 Backward Trace/Page_JClient/input_Reference No. of CD or o""), ""112233"")",Chrome 71.0.3578.98,,2019-01-25 10:25:00,2019-01-25 10:25:00,0.150s,PASSED
"setText(findTestObject(""Object Repository/FSM1/Complete ABP Inspection/ABPR17 Backward Trace/Page_JClient/textarea_Description of materi""), ""Test automation"")",Chrome 71.0.3578.98,,2019-01-25 10:25:00,2019-01-25 10:25:00,0.182s,PASSED
"selectOptionByValue(findTestObject(""Object Repository/FSM1/Complete ABP Inspection/ABPR17 Backward Trace/Page_JClient/select_NACattleDeerFishGoatsPi""), ""Fish"", true)",Chrome 71.0.3578.98,,2019-01-25 10:25:00,2019-01-25 10:25:00,0.286s,PASSED
"setText(findTestObject(""Object Repository/FSM1/Complete ABP Inspection/ABPR17 Backward Trace/Page_JClient/input_Category_gwt-TextBox GKH""), ""Test automation"")",Chrome 71.0.3578.98,,2019-01-25 10:25:00,2019-01-25 10:25:01,0.218s,PASSED
"setText(findTestObject(""Object Repository/FSM1/Complete ABP Inspection/ABPR17 Backward Trace/Page_JClient/input_Quantity_gwt-TextBox GKH""), ""100abc"")",Chrome 71.0.3578.98,Release 20 - FP-579,2019-01-25 10:25:01,2019-01-25 10:25:01,0.146s,PASSED
"setText(findTestObject(""Object Repository/FSM1/Complete ABP Inspection/ABPR17 Backward Trace/Page_JClient/textarea_Any other relevant in""), ""Test automation"")",Chrome 71.0.3578.98,,2019-01-25 10:25:01,2019-01-25 10:25:01,0.175s,PASSED
"click(findTestObject(""Object Repository/FSM1/Complete ABP Inspection/ABPR17 Backward Trace/Page_JClient/input_Yes_radio_group_56""))",Chrome 71.0.3578.98,,2019-01-25 10:25:01,2019-01-25 10:25:01,0.099s,PASSED
"click(findTestObject(""Object Repository/FSM1/Complete ABP Inspection/ABPR17 Backward Trace/Page_JClient/input_Yes_radio_group_57""))",Chrome 71.0.3578.98,,2019-01-25 10:25:01,2019-01-25 10:25:01,0.088s,PASSED
delay(1),Chrome 71.0.3578.98,,2019-01-25 10:25:01,2019-01-25 10:25:02,1.004s,PASSED
mydate = new java.util.Date(),Chrome 71.0.3578.98,,2019-01-25 10:25:02,2019-01-25 10:25:02,0.004s,PASSED
"formattedDate = mydate.format(""dd/MM/yyyy"")",Chrome 71.0.3578.98,,2019-01-25 10:25:02,2019-01-25 10:25:02,0.002s,PASSED
"sendKeys(findTestObject(""FSM1/Complete ABP Inspection/ABPR17 Backward Trace/Page_JClient/DateofDespatch""), formattedDate)",Chrome 71.0.3578.98,,2019-01-25 10:25:02,2019-01-25 10:25:02,0.160s,PASSED
"click(findTestObject(""FSM1/Complete ABP Inspection/ABPR17 Backward Trace/Page_JClient/div_Save1""))",Chrome 71.0.3578.98,,2019-01-25 10:25:02,2019-01-25 10:25:02,0.081s,PASSED
,,,,,,
Test Cases/ABP/Generic/Complete ABP Inspection - ABPR18 Forward Trace - Not Completed,Chrome 71.0.3578.98,,2019-01-25 10:25:02,2019-01-25 10:25:13,10.458s,PASSED
delay(2),Chrome 71.0.3578.98,,2019-01-25 10:25:03,2019-01-25 10:25:05,2.002s,PASSED
"click(findTestObject(""FSM1/Complete ABP Inspection/ABP18 Forward Trace/Page_JClient/div_ABPR18 - Forward Trace1""))",Chrome 71.0.3578.98,,2019-01-25 10:25:05,2019-01-25 10:25:05,0.207s,PASSED
delay(2),Chrome 71.0.3578.98,,2019-01-25 10:25:05,2019-01-25 10:25:07,2.004s,PASSED
"click(findTestObject(""Object Repository/FSM1/Complete ABP Inspection/ABP18 Forward Trace/Page_JClient/div_Create_GKH2EKQBDXB GKH2EKQ""))",Chrome 71.0.3578.98,,2019-01-25 10:25:07,2019-01-25 10:25:07,0.149s,PASSED
delay(2),Chrome 71.0.3578.98,,2019-01-25 10:25:07,2019-01-25 10:25:09,2.003s,PASSED
"verifyElementPresent(findTestObject(""FSM1/Release22/Page_JClient/div_Name of Operator_18""), 2)",Chrome 71.0.3578.98,Release 22 - FP-843,2019-01-25 10:25:09,2019-01-25 10:25:09,0.054s,PASSED
"verifyElementPresent(findTestObject(""FSM1/Release22/Page_JClient/div_Name of Operator_18_1""), 2)",Chrome 71.0.3578.98,Release 22 - FP-843,2019-01-25 10:25:09,2019-01-25 10:25:09,0.034s,PASSED
"click(findTestObject(""Object Repository/FSM1/Complete ABP Inspection/ABP18 Forward Trace/Page_JClient/input_Is this inspection at th""))",Chrome 71.0.3578.98,,2019-01-25 10:25:09,2019-01-25 10:25:09,0.089s,PASSED
"setText(findTestObject(""Object Repository/FSM1/Complete ABP Inspection/ABP18 Forward Trace/Page_JClient/input_Approval Number_gwt-Text""), ""123"")",Chrome 71.0.3578.98,,2019-01-25 10:25:09,2019-01-25 10:25:09,0.148s,PASSED
"setText(findTestObject(""Object Repository/FSM1/Complete ABP Inspection/ABP18 Forward Trace/Page_JClient/input_Premises Type_gwt-TextBo""), ""Test automation"")",Chrome 71.0.3578.98,,2019-01-25 10:25:09,2019-01-25 10:25:10,0.231s,PASSED
"setText(findTestObject(""FSM1/Complete ABP Inspection/ABP18 Forward Trace/Page_JClient/input_Name of Operator_gwt-Tex""), ""Test automation"")",Chrome 71.0.3578.98,,2019-01-25 10:25:10,2019-01-25 10:25:10,0.342s,PASSED
"setText(findTestObject(""Object Repository/FSM1/Complete ABP Inspection/ABP18 Forward Trace/Page_JClient/textarea_Address of premises_g""), ""Test automation"")",Chrome 71.0.3578.98,,2019-01-25 10:25:10,2019-01-25 10:25:10,0.221s,PASSED
"setText(findTestObject(""Object Repository/FSM1/Complete ABP Inspection/ABP18 Forward Trace/Page_JClient/input_Postcode_gwt-TextBox GKH""), ""WR5 2NB"")",Chrome 71.0.3578.98,,2019-01-25 10:25:10,2019-01-25 10:25:10,0.178s,PASSED
"selectOptionByValue(findTestObject(""Object Repository/FSM1/Complete ABP Inspection/ABP18 Forward Trace/Page_JClient/select_NorthScotlandSouthernWa""), ""Scotland"", true)",Chrome 71.0.3578.98,,2019-01-25 10:25:10,2019-01-25 10:25:10,0.220s,PASSED
"setText(findTestObject(""Object Repository/FSM1/Complete ABP Inspection/ABP18 Forward Trace/Page_JClient/input_Name of haulier_gwt-Text""), ""Test automation"")",Chrome 71.0.3578.98,,2019-01-25 10:25:10,2019-01-25 10:25:11,0.224s,PASSED
"setText(findTestObject(""Object Repository/FSM1/Complete ABP Inspection/ABP18 Forward Trace/Page_JClient/textarea_Address of haulier_gw""), ""Test automation"")",Chrome 71.0.3578.98,,2019-01-25 10:25:11,2019-01-25 10:25:11,0.181s,PASSED
"setText(findTestObject(""FSM1/Complete ABP Inspection/ABP18 Forward Trace/Page_JClient/Postcode""), ""WR5 2NB"")",Chrome 71.0.3578.98,,2019-01-25 10:25:11,2019-01-25 10:25:11,0.168s,PASSED
"setText(findTestObject(""Object Repository/FSM1/Complete ABP Inspection/ABP18 Forward Trace/Page_JClient/input_Registration number (if""), ""123"")",Chrome 71.0.3578.98,,2019-01-25 10:25:11,2019-01-25 10:25:11,0.114s,PASSED
"setText(findTestObject(""Object Repository/FSM1/Complete ABP Inspection/ABP18 Forward Trace/Page_JClient/input_Reference No. of CD or o""), ""987"")",Chrome 71.0.3578.98,,2019-01-25 10:25:11,2019-01-25 10:25:11,0.116s,PASSED
"setText(findTestObject(""Object Repository/FSM1/Complete ABP Inspection/ABP18 Forward Trace/Page_JClient/textarea_Description of materi""), ""Test automation"")",Chrome 71.0.3578.98,,2019-01-25 10:25:11,2019-01-25 10:25:11,0.184s,PASSED
"selectOptionByValue(findTestObject(""Object Repository/FSM1/Complete ABP Inspection/ABP18 Forward Trace/Page_JClient/select_NACattleDeerFishGoatsPi""), ""Goats"", true)",Chrome 71.0.3578.98,,2019-01-25 10:25:11,2019-01-25 10:25:12,0.260s,PASSED
"setText(findTestObject(""Object Repository/FSM1/Complete ABP Inspection/ABP18 Forward Trace/Page_JClient/input_Category_gwt-TextBox GKH""), ""Test automation"")",Chrome 71.0.3578.98,,2019-01-25 10:25:12,2019-01-25 10:25:12,0.181s,PASSED
"setText(findTestObject(""Object Repository/FSM1/Complete ABP Inspection/ABP18 Forward Trace/Page_JClient/input_Quantity_gwt-TextBox GKH""), ""12abc"")",Chrome 71.0.3578.98,Release 20 - FP-579,2019-01-25 10:25:12,2019-01-25 10:25:12,0.169s,PASSED
"setText(findTestObject(""Object Repository/FSM1/Complete ABP Inspection/ABP18 Forward Trace/Page_JClient/textarea_Any other relevant in""), ""Test automation"")",Chrome 71.0.3578.98,,2019-01-25 10:25:12,2019-01-25 10:25:12,0.170s,PASSED
"click(findTestObject(""Object Repository/FSM1/Complete ABP Inspection/ABP18 Forward Trace/Page_JClient/input_Any other relevant infor""))",Chrome 71.0.3578.98,,2019-01-25 10:25:12,2019-01-25 10:25:12,0.096s,PASSED
"setText(findTestObject(""Object Repository/FSM1/Complete ABP Inspection/ABP18 Forward Trace/Page_JClient/textarea_If so give details_gw""), ""Test automation"")",Chrome 71.0.3578.98,,2019-01-25 10:25:12,2019-01-25 10:25:13,0.156s,PASSED
"click(findTestObject(""Object Repository/FSM1/Complete ABP Inspection/ABP18 Forward Trace/Page_JClient/input_Yes_radio_group_132""))",Chrome 71.0.3578.98,,2019-01-25 10:25:13,2019-01-25 10:25:13,0.070s,PASSED
"click(findTestObject(""Object Repository/FSM1/Complete ABP Inspection/ABP18 Forward Trace/Page_JClient/input_How was the trace carrie""))",Chrome 71.0.3578.98,,2019-01-25 10:25:13,2019-01-25 10:25:13,0.001s,NOT_RUN
"click(findTestObject(""Object Repository/FSM1/Complete ABP Inspection/ABP18 Forward Trace/Page_JClient/input_Outcome_radio_group_134""))",Chrome 71.0.3578.98,,2019-01-25 10:25:13,2019-01-25 10:25:13,0.000s,NOT_RUN
"setText(findTestObject(""Object Repository/FSM1/Complete ABP Inspection/ABP18 Forward Trace/Page_JClient/textarea_Give Details_gwt-Text""), ""Test automation"")",Chrome 71.0.3578.98,,2019-01-25 10:25:13,2019-01-25 10:25:13,0.000s,NOT_RUN
"setText(findTestObject(""Object Repository/FSM1/Complete ABP Inspection/ABP18 Forward Trace/Page_JClient/textarea_Describe action taken""), ""Test automation"")",Chrome 71.0.3578.98,,2019-01-25 10:25:13,2019-01-25 10:25:13,0.000s,NOT_RUN
mydate = new java.util.Date(),Chrome 71.0.3578.98,,2019-01-25 10:25:13,2019-01-25 10:25:13,0.001s,PASSED
"formattedDate = mydate.format(""dd/MM/yyyy"")",Chrome 71.0.3578.98,,2019-01-25 10:25:13,2019-01-25 10:25:13,0.000s,PASSED
"sendKeys(findTestObject(""FSM1/Complete ABP Inspection/ABP18 Forward Trace/Page_JClient/DateofDespatch""), formattedDate)",Chrome 71.0.3578.98,,2019-01-25 10:25:13,2019-01-25 10:25:13,0.105s,PASSED
"click(findTestObject(""Object Repository/FSM1/Complete ABP Inspection/ABP18 Forward Trace/Page_JClient/div_Save""))",Chrome 71.0.3578.98,,2019-01-25 10:25:13,2019-01-25 10:25:13,0.078s,PASSED
,,,,,,
Test Cases/ABP/Generic/Check Guidance Notes,Chrome 71.0.3578.98,"Release 21 - FP-680, FP-756",2019-01-25 10:25:13,2019-01-25 10:25:18,4.763s,PASSED
"click(findTestObject(""Object Repository/FSM1/Release 21/Page_JClient/div_Data Capture""))",Chrome 71.0.3578.98,,2019-01-25 10:25:13,2019-01-25 10:25:13,0.133s,PASSED
delay(2),Chrome 71.0.3578.98,,2019-01-25 10:25:13,2019-01-25 10:25:15,2.002s,PASSED
"click(findTestObject(""Object Repository/FSM1/Release 21/Page_JClient/div_Notes""))",Chrome 71.0.3578.98,,2019-01-25 10:25:15,2019-01-25 10:25:15,0.138s,PASSED
delay(2),Chrome 71.0.3578.98,,2019-01-25 10:25:15,2019-01-25 10:25:17,2.003s,PASSED
"verifyElementPresent(findTestObject(""Object Repository/FSM1/Release 21/Page_JClient/td_0Fully compliant issues rap""), 0)",Chrome 71.0.3578.98,,2019-01-25 10:25:17,2019-01-25 10:25:17,0.051s,PASSED
"verifyElementPresent(findTestObject(""Object Repository/FSM1/Release 21/Page_JClient/td_0No product entering livest""), 0)",Chrome 71.0.3578.98,,2019-01-25 10:25:17,2019-01-25 10:25:17,0.025s,PASSED
"verifyElementPresent(findTestObject(""Object Repository/FSM1/Release 21/Page_JClient/td_0Not required or complete a""), 0)",Chrome 71.0.3578.98,,2019-01-25 10:25:17,2019-01-25 10:25:17,0.026s,PASSED
"verifyElementPresent(findTestObject(""Object Repository/FSM1/Release 21/Page_JClient/td_0Very low throughput1 tonne""), 0)",Chrome 71.0.3578.98,,2019-01-25 10:25:17,2019-01-25 10:25:17,0.020s,PASSED
"verifyElementPresent(findTestObject(""Object Repository/FSM1/Release 21/Page_JClient/td_3Cat 3 material  catering w""), 0)",Chrome 71.0.3578.98,,2019-01-25 10:25:17,2019-01-25 10:25:17,0.026s,PASSED
"verifyElementPresent(findTestObject(""Object Repository/FSM1/Release 21/Page_JClient/td_What is the potential risk""), 0)",Chrome 71.0.3578.98,,2019-01-25 10:25:17,2019-01-25 10:25:17,0.025s,PASSED
"verifyElementPresent(findTestObject(""Object Repository/FSM1/Release 21/Page_JClient/td_0No product entering livest""), 0)",Chrome 71.0.3578.98,,2019-01-25 10:25:17,2019-01-25 10:25:17,0.020s,PASSED
"verifyElementPresent(findTestObject(""Object Repository/FSM1/Release 21/Page_JClient/td_5Potential risk of product""), 0)",Chrome 71.0.3578.98,,2019-01-25 10:25:17,2019-01-25 10:25:18,0.020s,PASSED
"verifyElementPresent(findTestObject(""Object Repository/FSM1/Release 21/Page_JClient/td_15Potential risk of the pro""), 0)",Chrome 71.0.3578.98,,2019-01-25 10:25:18,2019-01-25 10:25:18,0.027s,PASSED
,,,,,,
Test Cases/ABP/Generic/Complete ABP Inspection - Complete,Chrome 71.0.3578.98,,2019-01-25 10:25:18,2019-01-25 10:25:57,39.945s,PASSED
delay(2),Chrome 71.0.3578.98,,2019-01-25 10:25:18,2019-01-25 10:25:20,2.004s,PASSED
"click(findTestObject(""Object Repository/FSM1/Complete ABP Inspection/Complete ABP01a Inspection/Page_JClient/div_STARTED (locked)""))",Chrome 71.0.3578.98,,2019-01-25 10:25:20,2019-01-25 10:25:20,0.115s,PASSED
delay(2),Chrome 71.0.3578.98,,2019-01-25 10:25:20,2019-01-25 10:25:22,2.002s,PASSED
"click(findTestObject(""Object Repository/FSM1/Complete ABP Inspection/Complete ABP01a Inspection/Page_JClient/div_COMPLETED""))",Chrome 71.0.3578.98,,2019-01-25 10:25:22,2019-01-25 10:25:22,0.163s,PASSED
"selectOptionByValue(findTestObject(""Object Repository/FSM1/Complete ABP Inspection/Complete ABP01a Inspection/Page_JClient/select_Yes""), ""COMPLETED"", true)",Chrome 71.0.3578.98,,2019-01-25 10:25:22,2019-01-25 10:25:22,0.201s,PASSED
delay(3),Chrome 71.0.3578.98,,2019-01-25 10:25:22,2019-01-25 10:25:25,3.002s,PASSED
"click(findTestObject(""Object Repository/FSM1/Complete ABP Inspection/Complete ABP01a Inspection/Page_JClient/div_Save""))",Chrome 71.0.3578.98,,2019-01-25 10:25:25,2019-01-25 10:25:25,0.103s,PASSED
delay(2),Chrome 71.0.3578.98,,2019-01-25 10:25:25,2019-01-25 10:25:27,2.003s,PASSED
"click(findTestObject(""Object Repository/FSM1/Complete ABP Inspection/Complete ABP01a Inspection/Page_JClient/div_Ok""))",Chrome 71.0.3578.98,,2019-01-25 10:25:27,2019-01-25 10:25:27,0.104s,PASSED
delay(30),Chrome 71.0.3578.98,,2019-01-25 10:25:27,2019-01-25 10:25:57,30.003s,PASSED
,,,,,,
Test Cases/Generic/Launch Job Manager Control Centre - Check Result,Chrome 71.0.3578.98,,2019-01-25 10:25:58,2019-01-25 10:26:24,26.818s,PASSED
"openBrowser("""")",Chrome 71.0.3578.98,,2019-01-25 10:25:58,2019-01-25 10:26:01,2.997s,PASSED
navigateToUrl(CCURL),Chrome 71.0.3578.98,,2019-01-25 10:26:01,2019-01-25 10:26:02,0.845s,PASSED
"setText(findTestObject(""FSM1/Control Centre/Page_Job Manager Login/input_gwt-uid-3""), Username)",Chrome 71.0.3578.98,,2019-01-25 10:26:02,2019-01-25 10:26:02,0.334s,PASSED
"setText(findTestObject(""FSM1/Control Centre/Page_Job Manager Login/input_gwt-uid-5""), Password)",Chrome 71.0.3578.98,,2019-01-25 10:26:02,2019-01-25 10:26:02,0.140s,PASSED
delay(2),Chrome 71.0.3578.98,,2019-01-25 10:26:02,2019-01-25 10:26:04,2.003s,PASSED
"click(findTestObject(""FSM1/PreProd/Page_Job Manager Login/div_Login""))",Chrome 71.0.3578.98,,2019-01-25 10:26:04,2019-01-25 10:26:04,0.158s,PASSED
delay(20),Chrome 71.0.3578.98,,2019-01-25 10:26:04,2019-01-25 10:26:24,20.000s,PASSED
,,,,,,
Test Cases/ABP/ABPR01a/Control Centre - Check Results - ABPR01a,Chrome 71.0.3578.98,,2019-01-25 10:26:24,2019-01-25 10:26:31,6.491s,PASSED
log = new com.kms.katalon.core.logging.KeywordLogger(),Chrome 71.0.3578.98,,2019-01-25 10:26:25,2019-01-25 10:26:25,0.001s,PASSED
"setText(findTestObject(""Object Repository/FSM1/EMI Check Results/Page_JM Control Centre/input_Recents_v-textfield v-wi""), temp)",Chrome 71.0.3578.98,,2019-01-25 10:26:25,2019-01-25 10:26:25,0.193s,PASSED
"setText(findTestObject(""Object Repository/FSM1/EMI Check Results/Page_JM Control Centre/input_Recents_v-textfield v-wi""), ""87904"")",Chrome 71.0.3578.98,,2019-01-25 10:26:25,2019-01-25 10:26:25,0.001s,NOT_RUN
"click(findTestObject(""Object Repository/FSM1/EMI Check Results/Page_JM Control Centre/span_""))",Chrome 71.0.3578.98,,2019-01-25 10:26:25,2019-01-25 10:26:26,0.715s,PASSED
"waitForElementPresent(findTestObject(""Object Repository/FSM1/EMI Check Results/Page_JM Control Centre/div_CLOSED""), 60)",Chrome 71.0.3578.98,,2019-01-25 10:26:26,2019-01-25 10:26:27,1.929s,PASSED
delay(3),Chrome 71.0.3578.98,,2019-01-25 10:26:27,2019-01-25 10:26:30,3.003s,PASSED
"verifyElementPresent(findTestObject(""Object Repository/FSM1/Complete ABP Inspection/Check Results/Page_JM Control Centre/Page_JM Control Centre/div_Attachments_ABPR18 - Forwa""), 5)",Chrome 71.0.3578.98,,2019-01-25 10:26:30,2019-01-25 10:26:31,0.120s,PASSED
"verifyElementPresent(findTestObject(""Object Repository/FSM1/Complete ABP Inspection/Check Results/Page_JM Control Centre/Page_JM Control Centre/div_Attachments_ABPR15 - Micro""), 5)",Chrome 71.0.3578.98,,2019-01-25 10:26:31,2019-01-25 10:26:31,0.083s,PASSED
"verifyElementPresent(findTestObject(""Object Repository/FSM1/Complete ABP Inspection/Check Results/Page_JM Control Centre/Page_JM Control Centre/div_Attachments_ABPR01A - Comp""), 5)",Chrome 71.0.3578.98,,2019-01-25 10:26:31,2019-01-25 10:26:31,0.091s,PASSED
"verifyElementPresent(findTestObject(""Object Repository/FSM1/Complete ABP Inspection/Check Results/Page_JM Control Centre/Page_JM Control Centre/div_Attachments_ABPR17 - Backw""), 5)",Chrome 71.0.3578.98,,2019-01-25 10:26:31,2019-01-25 10:26:31,0.088s,PASSED
,,,,,,
Test Cases/Generic/Check Subsequent Inspection Exist,Chrome 71.0.3578.98,,2019-01-25 10:26:31,2019-01-25 10:26:50,18.733s,PASSED
delay(2),Chrome 71.0.3578.98,,2019-01-25 10:26:31,2019-01-25 10:26:33,2.004s,PASSED
"click(findTestObject(""Object Repository/FSM1/Complete ABP Inspection/Check Subsequent Inspections/New/Page_JM Control Centre/div_""))",Chrome 71.0.3578.98,,2019-01-25 10:26:33,2019-01-25 10:26:33,0.214s,PASSED
"click(findTestObject(""Object Repository/FSM1/Complete ABP Inspection/Check Subsequent Inspections/New/Page_JM Control Centre/span_List All Subordinate Jobs""))",Chrome 71.0.3578.98,,2019-01-25 10:26:33,2019-01-25 10:26:33,0.179s,PASSED
delay(2),Chrome 71.0.3578.98,,2019-01-25 10:26:33,2019-01-25 10:26:35,2.002s,PASSED
"verifyElementVisible(findTestObject(""Object Repository/FSM1/Complete ABP Inspection/Check Subsequent Inspections/New/Page_JM Control Centre/div_2 found.""))",Chrome 71.0.3578.98,,2019-01-25 10:26:35,2019-01-25 10:26:49,13.278s,PASSED
"verifyElementNotPresent(findTestObject(""JM_8918/New/Page_JM Control Centre/td_INVALID""), 2)",Chrome 71.0.3578.98,,2019-01-25 10:26:49,2019-01-25 10:26:49,0.058s,PASSED
"verifyElementNotPresent(findTestObject(""JM_8918/New/Page_JM Control Centre/td_CREATING""), 2)",Chrome 71.0.3578.98,,2019-01-25 10:26:49,2019-01-25 10:26:49,0.035s,PASSED
closeBrowser(),Chrome 71.0.3578.98,,2019-01-25 10:26:49,2019-01-25 10:26:50,0.751s,PASSED
